"path","Length","LastWriteTimeUtc"
".editorconfig","133","2025-10-04 오후 11:59:26"
".gitattributes","745","2025-10-20 오전 4:29:01"
".gitignore","465","2025-10-21 오후 3:12:01"
".npmrc","25","2025-10-04 오후 11:59:26"
"CHANGELOG.md","0","2025-10-04 오후 11:59:26"
"fix-ak.ps1","8982","2025-10-04 오후 11:59:26"
"kobong_gpt_5_주도형_개발_계획서_v_1.md","9322","2025-10-19 오전 2:44:14"
"README.md","463","2025-10-04 오후 11:59:26"
"remove-open-ps7-cmd.ps1","3938","2025-10-04 오후 11:59:29"
"repo-curate-and-commit.ps1","3665","2025-10-04 오후 11:59:29"
"Rollbackfile.json","1851","2025-10-20 오전 1:55:11"
"SECURITY.md","2463","2025-10-19 오전 2:44:15"
"upgrade-gh-and-hook.ps1","4337","2025-10-04 오후 11:59:29"
".backup\working_backup_20251021_105707.zip","108582303","2025-10-21 오전 1:58:54"
".config\.psscriptanalyzerrc.psd1","329","2025-10-04 오후 11:59:26"
".githooks\pre-commit","433","2025-10-04 오후 11:59:26"
".githooks\pre-commit.bat","315","2025-10-04 오후 11:59:26"
".githooks\pre-commit.cmd","315","2025-10-04 오후 11:59:26"
".githooks\pre-commit.ps1","878","2025-10-04 오후 11:59:26"
".githooks\pre-push","410","2025-10-04 오후 11:59:26"
".githooks\pre-push.cmd","313","2025-10-04 오후 11:59:26"
".githooks\pre-push.ps1","1476","2025-10-04 오후 11:59:26"
".githooks\_bak\pre-commit.local-20250918-054137.bak","474","2025-10-04 오후 11:59:26"
".github\workflows\ak-auto.yml","5637","2025-10-20 오전 2:05:31"
".github\workflows\ak-commands.yml","3560","2025-10-20 오전 2:05:31"
".github\workflows\ak-context.yml","2053","2025-10-21 오후 8:24:24"
".github\workflows\auto-github-release.yml","1259","2025-10-20 오전 2:05:31"
".github\workflows\auto-merge.yml","556","2025-10-20 오전 2:05:31"
".github\workflows\ci-apply-patches-smoke.yml","673","2025-10-21 오후 7:45:39"
".github\workflows\dispatch-on-release.yml","706","2025-10-20 오전 2:05:31"
".github\workflows\guard-flush-queue.yml","1333","2025-10-20 오전 2:05:31"
".github\workflows\guard-logs-ignored.yml","1347","2025-10-20 오전 2:05:31"
".github\workflows\guard-readme-badge.yml","715","2025-10-20 오전 2:05:31"
".github\workflows\guard-sentinel.yml","881","2025-10-20 오전 2:05:31"
".github\workflows\health-monitor.yml","1500","2025-10-20 오전 2:05:31"
".github\workflows\housekeeping-smoke.yml","2002","2025-10-20 오전 2:05:31"
".github\workflows\klc-append-release.yml","1655","2025-10-20 오전 2:05:31"
".github\workflows\klc-nightly-aggregate.yml","538","2025-10-20 오전 2:05:31"
".github\workflows\klc-validate.yml","1376","2025-10-21 오후 8:25:00"
".github\workflows\klc-verify.yml","602","2025-10-20 오전 2:05:31"
".github\workflows\post-release-canary.yml","882","2025-10-20 오전 2:05:31"
".github\workflows\protect-manual.yml","1973","2025-10-20 오전 2:05:31"
".github\workflows\psanalyze.yml","2388","2025-10-20 오전 2:05:31"
".github\workflows\release-docs.yml","3896","2025-10-20 오전 2:05:31"
".github\workflows\release-gate-auto.yml","540","2025-10-20 오전 2:05:31"
".github\workflows\release-gate-strong.yml","1645","2025-10-20 오전 2:05:31"
".github\workflows\release-gate.yml","869","2025-10-20 오전 2:05:31"
".github\workflows\weekly-auto-release-smoke.yml","1448","2025-10-20 오전 2:05:31"
".github\workflows\weekly-housekeeping.yml","1204","2025-10-20 오전 2:05:31"
".github\workflows\xp-summary-artifact.yml","3592","2025-10-20 오전 2:05:31"
".kobong\patches.pending.txt","6716","2025-10-21 오후 5:24:50"
".kobong\archived\patches-20250924-135817.txt","6137","2025-09-25 오후 9:54:51"
".kobong\context\context-latest.json","925","2025-10-21 오후 8:41:08"
".kobong\context\context-latest.txt","244","2025-10-21 오후 8:41:08"
".kobong\logs\api.log","4873","2025-10-21 오후 8:41:08"
".kobong\logs\ak\run-1761069472151.log","521","2025-10-21 오후 5:57:52"
".kobong\logs\ak\run-1761071326283.log","522","2025-10-21 오후 6:28:46"
".kobong\logs\ak\run-1761074603031.log","521","2025-10-21 오후 7:23:23"
".kobong\reports\ERROR-KB.md","5768","2025-09-27 오후 11:41:52"
".kobong\schema\klc-log-v1.3.schema.json","906","2025-10-21 오후 8:26:05"
".pr-artifacts\xp-summary-20250915-125039.md","126","2025-10-04 오후 11:59:26"
".vscode\settings.json","235","2025-10-04 오후 11:59:26"
"AUTO-Kobong-Monitoring\AK7_CarefulFix.ps1","8229","2025-10-21 오전 11:54:22"
"AUTO-Kobong-Monitoring\ak7_patch_apply.ps1","1514","2025-10-21 오전 11:54:18"
"AUTO-Kobong-Monitoring\Deploy-AK7-WebUI.ps1","1481","2025-10-21 오전 11:54:08"
"AUTO-Kobong-Monitoring\README_AK7_CarefulFix.txt","2024","2025-10-21 오전 11:54:00"
"AUTO-Kobong-Monitoring\README_AK7.md","1694","2025-10-21 오전 11:54:04"
"AUTO-Kobong-Monitoring\unlock_log_node.ps1","6494","2025-10-21 오전 11:53:54"
"AUTO-Kobong-Monitoring\containers\ak7-shells\Dockerfile.windows","1307","2025-10-21 오전 11:53:00"
"AUTO-Kobong-Monitoring\containers\ak7-shells\package-lock.json","2469","2025-10-21 오후 6:29:31"
"AUTO-Kobong-Monitoring\containers\ak7-shells\package.json","205","2025-10-21 오후 4:59:07"
"AUTO-Kobong-Monitoring\containers\ak7-shells\Run-OrchMon-5193.ps1","889","2025-10-21 오전 11:57:15"
"AUTO-Kobong-Monitoring\containers\ak7-shells\server-ak7.js","5465","2025-10-21 오후 3:12:01"
"AUTO-Kobong-Monitoring\containers\ak7-shells\server.js","5465","2025-10-21 오후 4:37:59"
"AUTO-Kobong-Monitoring\containers\ak7-shells\server.zip","2525","2025-10-21 오후 4:33:51"
"AUTO-Kobong-Monitoring\scripts\03_Smoke-AK7.ps1","432","2025-10-21 오전 11:56:26"
"AUTO-Kobong-Monitoring\scripts\ak7\03_Smoke-AK7.ps1","432","2025-10-21 오전 11:56:37"
"AUTO-Kobong-Monitoring\scripts\ak7\Install-AK7-AutoStart.ps1","4705","2025-10-21 오전 11:56:34"
"AUTO-Kobong-Monitoring\scripts\ak7\Install-AK7-Dual-AutoStart.ps1","6962","2025-10-21 오전 11:56:31"
"AUTO-Kobong-Monitoring\webui\AK7_code_diffs.patch","9641","2025-10-21 오전 11:55:50"
"AUTO-Kobong-Monitoring\webui\ak7-bridge.js","1774","2025-10-20 오전 5:56:08"
"AUTO-Kobong-Monitoring\webui\AUTO-Kobong-Monitoring - 복사본.html","26335","2025-10-21 오후 7:23:22"
"AUTO-Kobong-Monitoring\webui\AUTO-Kobong-Monitoring - 복사본.html.bak-20251022-025752","26161","2025-10-21 오후 4:27:53"
"AUTO-Kobong-Monitoring\webui\AUTO-Kobong-Monitoring - 복사본.html.bak-20251022-032846","26335","2025-10-21 오후 5:57:52"
"AUTO-Kobong-Monitoring\webui\AUTO-Kobong-Monitoring - 복사본.html.bak-20251022-042322","26337","2025-10-21 오후 6:28:46"
"AUTO-Kobong-Monitoring\webui\AUTO-Kobong-Monitoring.html","26334","2025-10-21 오후 7:23:22"
"AUTO-Kobong-Monitoring\webui\AUTO-Kobong-Monitoring.html.bak-20251022-025752","26160","2025-10-21 오후 4:44:39"
"AUTO-Kobong-Monitoring\webui\AUTO-Kobong-Monitoring.html.bak-20251022-032846","26334","2025-10-21 오후 5:57:52"
"AUTO-Kobong-Monitoring\webui\AUTO-Kobong-Monitoring.html.bak-20251022-042322","26336","2025-10-21 오후 6:28:46"
"AUTO-Kobong-Monitoring\webui\messages-wiring.js","675","2025-10-21 오전 11:55:37"
"AUTO-Kobong-Monitoring\webui\orchmon-bridge.js","1777","2025-10-21 오전 11:55:33"
"AUTO-Kobong-Monitoring\webui\reset-local.html","661","2025-10-21 오후 7:23:22"
"AUTO-Kobong-Monitoring\webui\reset-local.html.bak-20251022-025752","487","2025-10-21 오전 11:55:27"
"AUTO-Kobong-Monitoring\webui\reset-local.html.bak-20251022-032846","661","2025-10-21 오후 5:57:52"
"AUTO-Kobong-Monitoring\webui\reset-local.html.bak-20251022-042322","662","2025-10-21 오후 6:28:46"
"AUTO-Kobong-Monitoring\webui\public\booster\ak7-bridge.js","1774","2025-10-20 오전 5:56:08"
"AUTO-Kobong-Monitoring\webui\public\booster\ak7-bus-guard.js","1147","2025-10-20 오전 5:56:08"
"AUTO-Kobong-Monitoring\webui\public\booster\ak7-compat-shim.js","459","2025-10-21 오전 1:42:53"
"AUTO-Kobong-Monitoring\webui\public\booster\ak7-net-override.js","3755","2025-10-21 오전 1:42:53"
"AUTO-Kobong-Monitoring\webui\public\booster\ak7-ws-guard.js","1606","2025-10-20 오전 5:56:08"
"AUTO-Kobong-Monitoring\webui\public\booster\boot-loader.js","1154","2025-10-20 오전 5:56:08"
"AUTO-Kobong-Monitoring\webui\public\booster\boot-loader.js.bak_20251010_115114","1085","2025-10-20 오전 5:56:08"
"AUTO-Kobong-Monitoring\webui\public\booster\boot-loader.js.bak_20251010_115601","1038","2025-10-20 오전 5:56:08"
"AUTO-Kobong-Monitoring\webui\public\booster\boot-loader.js.bak_20251010_120214","1111","2025-10-20 오전 5:56:08"
"AUTO-Kobong-Monitoring\webui\public\booster\boot-loader.js.bak_20251010_121006","1114","2025-10-20 오전 5:56:08"
"AUTO-Kobong-Monitoring\webui\public\booster\boot-loader.js.bak_20251010_210047","1114","2025-10-20 오전 5:56:08"
"AUTO-Kobong-Monitoring\webui\public\booster\errkb-cards.js","12886","2025-10-20 오전 5:56:08"
"AUTO-Kobong-Monitoring\webui\public\booster\errkb-cards.js.bak_20251009_193510","13217","2025-10-20 오전 5:56:08"
"AUTO-Kobong-Monitoring\webui\public\booster\errkb-wiring.js","2961","2025-10-20 오전 5:56:08"
"AUTO-Kobong-Monitoring\webui\public\booster\messages-pane.js","8343","2025-10-20 오전 5:56:08"
"AUTO-Kobong-Monitoring\webui\public\booster\messages-wiring.js","1293","2025-10-20 오전 5:56:08"
"AUTO-Kobong-Monitoring\webui\public\booster\orch-bus-auto.js","1546","2025-10-20 오전 5:56:08"
"AUTO-Kobong-Monitoring\webui\public\booster\orch-bus.js","973","2025-10-20 오전 5:56:08"
"AUTO-Kobong-Monitoring\webui\public\booster\overview-cards - 복사본.js","7381","2025-10-21 오후 7:12:38"
"AUTO-Kobong-Monitoring\webui\public\booster\overview-cards.js","12245","2025-10-21 오후 8:40:40"
"AUTO-Kobong-Monitoring\webui\public\booster\settings-pane.js","12563","2025-10-20 오전 5:56:08"
"AUTO-Kobong-Monitoring\webui\public\booster\timeline-tools.js","4636","2025-10-20 오전 5:56:08"
"AUTO-Kobong-Monitoring\webui\public\booster\timeline-wiring.js","148","2025-10-20 오전 5:56:08"
"AUTO-Kobong-Monitoring\webui\public\css\orchmon.css","1738","2025-10-20 오전 5:56:08"
"AUTO-Kobong-Monitoring\webui\public\img\STS_LOGO-광택.png","19425","2025-10-20 오전 5:56:08"
"AUTO-Kobong-Monitoring\webui\public\img\STS_LOGO-크림색.png","18368","2025-10-20 오전 5:56:08"
"AUTO-Kobong-Monitoring\webui\public\xterm\xterm.css","409","2025-10-20 오전 5:56:08"
"AUTO-Kobong-Monitoring\webui\public\xterm\xterm.js","8231","2025-10-20 오전 5:56:08"
"dev\kb-api.cjs","1767","2025-10-04 오후 11:59:26"
"dev\kb-dev-backend.mjs","1796","2025-10-04 오후 11:59:26"
"dist\app\bootstrap.js","872","2025-10-04 오후 11:59:26"
"dist\app\hardening.js","6791","2025-10-04 오후 11:59:26"
"dist\app\kobong_api.acl.js","55","2025-10-04 오후 11:59:26"
"dist\app\kobong_api.js","1315","2025-10-04 오후 11:59:26"
"dist\app\kobong.js","68","2025-10-04 오후 11:59:26"
"dist\app\kobong\index.js","69","2025-10-04 오후 11:59:26"
"dist\app\kobong_api\index.js","69","2025-10-04 오후 11:59:26"
"dist\app\reporting\report_service.js","164","2025-10-04 오후 11:59:26"
"dist\app\reporting\ReportService.js","2028","2025-10-04 오후 11:59:26"
"dist\domain\dsl\ast.js","413","2025-10-04 오후 11:59:26"
"dist\domain\dsl\parser.js","3223","2025-10-04 오후 11:59:26"
"dist\domain\dsl\v0_4\parser.js","550","2025-10-04 오후 11:59:26"
"dist\domain\dsl\v0_4\ports.js","11","2025-10-04 오후 11:59:26"
"dist\domain\dsl\v0_4\types.js","11","2025-10-04 오후 11:59:26"
"dist\domain\ports\httpClient.js","11","2025-10-04 오후 11:59:26"
"dist\domain\ports\kobong_api.js","11","2025-10-04 오후 11:59:26"
"dist\domain\ports\kvs.js","11","2025-10-04 오후 11:59:26"
"dist\domain\ports\logger.js","11","2025-10-04 오후 11:59:26"
"dist\domain\reporting\errors.js","360","2025-10-04 오후 11:59:26"
"dist\domain\reporting\ports.js","59","2025-10-04 오후 11:59:26"
"dist\domain\reporting\types.js","11","2025-10-04 오후 11:59:26"
"dist\infra\kobong_api.js","73","2025-10-04 오후 11:59:26"
"dist\infra\adapters\index.js","100","2025-10-04 오후 11:59:26"
"dist\infra\adapters\kobong_api_rest.js","3046","2025-10-04 오후 11:59:26"
"dist\infra\adapters\stub\httpClient.js","575","2025-10-04 오후 11:59:26"
"dist\infra\adapters\stub\kvs.js","1110","2025-10-04 오후 11:59:26"
"dist\infra\kobong\git_repo.js","1337","2025-10-04 오후 11:59:26"
"dist\infra\kobong\index.js","76","2025-10-04 오후 11:59:26"
"dist\infra\logging\jsonlLogger.js","3057","2025-10-04 오후 11:59:26"
"dist\infra\reporting\CsvRenderer.js","530","2025-10-04 오후 11:59:26"
"dist\infra\reporting\JsonRenderer.js","645","2025-10-04 오후 11:59:26"
"dist\infra\reporting\memory_report_engine.js","661","2025-10-04 오후 11:59:26"
"dist\infra\reporting\parser_adapter.js","189","2025-10-04 오후 11:59:26"
"dist\infra\reporting\ParserAdapter.js","1366","2025-10-04 오후 11:59:26"
"dist\infra\reporting\QueryStub.js","1959","2025-10-04 오후 11:59:26"
"dist\ui\reporting\cli.js","486","2025-10-04 오후 11:59:26"
"docs\Kobong-Weekly-Housekeeping.xml","1743","2025-10-04 오후 11:59:26"
"docs\status.html","2153","2025-10-04 오후 11:59:26"
"docs\badges\ops-failures.svg","646","2025-10-04 오후 11:59:26"
"docs\badges\repo-state.svg","622","2025-10-04 오후 11:59:26"
"GitHub-Monitoring\containers\ghmon-shells\$null","0","2025-10-20 오전 4:29:01"
"GitHub-Monitoring\containers\ghmon-shells\del.txt","5","2025-10-20 오전 4:29:01"
"GitHub-Monitoring\containers\ghmon-shells\del1.txt","4","2025-10-20 오전 4:29:01"
"GitHub-Monitoring\containers\ghmon-shells\Dockerfile.windows","642","2025-10-20 오전 4:29:01"
"GitHub-Monitoring\containers\ghmon-shells\ghmon-dev.example","119","2025-10-20 오전 5:12:07"
"GitHub-Monitoring\containers\ghmon-shells\server_plus.js","24499","2025-10-20 오전 4:29:02"
"GitHub-Monitoring\containers\GitHub-Mon-shells\Dockerfile.windows","267","2025-10-20 오전 4:29:01"
"GitHub-Monitoring\containers\GitHub-Mon-shells\package.json","144","2025-10-20 오전 4:29:01"
"GitHub-Monitoring\containers\GitHub-Mon-shells\server.js","2668","2025-10-20 오전 4:29:01"
"GitHub-Monitoring\containers\GitHub-Mon-ui\Dockerfile.windows","640","2025-10-20 오전 4:29:01"
"GitHub-Monitoring\containers\GitHub-Mon-ui\package.json","72","2025-10-20 오전 4:29:01"
"GitHub-Monitoring\containers\GitHub-Mon-ui\server_ui.js","1161","2025-10-20 오전 4:29:01"
"GitHub-Monitoring\docs\README.md","1286","2025-10-20 오전 4:29:02"
"GitHub-Monitoring\scripts\g5\shells\run-GitHub-Mon-shells-win.ps1","604","2025-10-20 오전 4:29:02"
"GitHub-Monitoring\scripts\g5\shells\stop-GitHub-Mon-shells.ps1","220","2025-10-20 오전 4:29:02"
"GitHub-Monitoring\scripts\g5\ui\deploy-GitHub-Mon-ui.ps1","572","2025-10-20 오전 4:29:02"
"GitHub-Monitoring\webui\ghmon-ui-map.js","503","2025-10-20 오전 5:12:07"
"GitHub-Monitoring\webui\GitHub-Mon-bridge.js","12649","2025-10-20 오전 5:12:07"
"GitHub-Monitoring\webui\GitHub-Monitoring-Min.html","52427","2025-10-21 오후 7:23:22"
"GitHub-Monitoring\webui\GitHub-Monitoring-Min.html.bak-20251022-025752","52238","2025-10-20 오전 5:12:07"
"GitHub-Monitoring\webui\GitHub-Monitoring-Min.html.bak-20251022-032846","52427","2025-10-21 오후 5:57:52"
"GitHub-Monitoring\webui\GitHub-Monitoring-Min.html.bak-20251022-042322","52429","2025-10-21 오후 6:28:46"
"GitHub-Monitoring\webui\public\css\GitHub-Mon.css","5756","2025-10-20 오전 5:12:07"
"GitHub-Monitoring\webui\public\img\STS_LOGO-광택.png","19425","2025-10-20 오전 5:12:07"
"GitHub-Monitoring\webui\public\img\STS_LOGO-크림색.png","18368","2025-10-20 오전 5:12:07"
"GitHub-Monitoring\webui\public\xterm\xterm.css","59","2025-10-20 오전 5:12:07"
"GitHub-Monitoring\webui\public\xterm\xterm.js","55","2025-10-20 오전 5:12:07"
"ops\ak-rescue-186-20250928-110147.md","249","2025-10-04 오후 11:59:29"
"Orchestrator-Monitoring\03_Smoke-OrchMon.ps1","696","2025-10-20 오전 2:05:31"
"Orchestrator-Monitoring\보호 스크립트.md","2243","2025-10-20 오전 2:05:31"
"Orchestrator-Monitoring\Check-Integrity.ps1","649","2025-10-20 오전 2:05:31"
"Orchestrator-Monitoring\INTEGRITY_BASELINE.json","0","2025-10-20 오전 2:05:31"
"Orchestrator-Monitoring\Make-IntegrityBaseline.ps1","529","2025-10-20 오전 2:05:31"
"Orchestrator-Monitoring\containers\orch-shells\Dockerfile.windows","1307","2025-10-08 오후 1:05:00"
"Orchestrator-Monitoring\containers\orch-shells\package-lock.json","2469","2025-10-08 오후 3:31:52"
"Orchestrator-Monitoring\containers\orch-shells\package.json","205","2025-10-08 오후 3:31:52"
"Orchestrator-Monitoring\containers\orch-shells\Run-OrchMon-5193.ps1","889","2025-10-08 오후 4:34:58"
"Orchestrator-Monitoring\containers\orch-shells\server.js","5152","2025-10-08 오후 3:31:51"
"Orchestrator-Monitoring\public\booster\booster-v2.js","3481","2025-10-20 오전 2:05:31"
"Orchestrator-Monitoring\public\booster\messages-wiring.js","4086","2025-10-20 오전 2:05:31"
"Orchestrator-Monitoring\webui\messages-wiring.js","675","2025-10-20 오전 2:05:31"
"Orchestrator-Monitoring\webui\Orchestrator-Monitoring-Su.html","24433","2025-10-21 오후 7:23:22"
"Orchestrator-Monitoring\webui\Orchestrator-Monitoring-Su.html.bak-20251022-025752","23847","2025-10-20 오전 2:05:31"
"Orchestrator-Monitoring\webui\Orchestrator-Monitoring-Su.html.bak-20251022-032846","24433","2025-10-21 오후 6:28:45"
"Orchestrator-Monitoring\webui\Orchestrator-Monitoring-Su.html.bak-20251022-042322","24434","2025-10-21 오후 6:28:46"
"Orchestrator-Monitoring\webui\orchmon-bridge.js","1777","2025-10-20 오전 2:05:31"
"Orchestrator-Monitoring\webui\public\booster\boot-loader.js","766","2025-10-20 오전 2:05:31"
"Orchestrator-Monitoring\webui\public\booster\errkb-cards.js","12894","2025-10-20 오전 2:05:31"
"Orchestrator-Monitoring\webui\public\booster\errkb-cards.js.bak_20251009_193510","13217","2025-10-20 오전 2:05:31"
"Orchestrator-Monitoring\webui\public\booster\errkb-wiring.js","2961","2025-10-20 오전 2:05:31"
"Orchestrator-Monitoring\webui\public\booster\messages-pane.js","8343","2025-10-20 오전 2:05:31"
"Orchestrator-Monitoring\webui\public\booster\messages-wiring.js","1293","2025-10-20 오전 2:05:31"
"Orchestrator-Monitoring\webui\public\booster\orch-bus-auto.js","1558","2025-10-20 오전 2:05:31"
"Orchestrator-Monitoring\webui\public\booster\orch-bus.js","973","2025-10-20 오전 2:05:31"
"Orchestrator-Monitoring\webui\public\booster\overview-cards.js","7381","2025-10-20 오전 2:05:31"
"Orchestrator-Monitoring\webui\public\booster\settings-pane.js","12575","2025-10-20 오전 2:05:31"
"Orchestrator-Monitoring\webui\public\booster\timeline-tools.js","4636","2025-10-20 오전 2:05:31"
"Orchestrator-Monitoring\webui\public\booster\timeline-wiring.js","148","2025-10-20 오전 2:05:31"
"Orchestrator-Monitoring\webui\public\css\orchmon.css","1738","2025-10-20 오전 2:05:31"
"Orchestrator-Monitoring\webui\public\img\STS_LOGO-광택.png","19425","2025-10-20 오전 2:05:31"
"Orchestrator-Monitoring\webui\public\img\STS_LOGO-크림색.png","18368","2025-10-20 오전 2:05:31"
"Orchestrator-Monitoring\webui\public\xterm\xterm.css","409","2025-10-20 오전 2:05:31"
"Orchestrator-Monitoring\webui\public\xterm\xterm.js","8231","2025-10-20 오전 2:05:31"
"public\index.html","775","2025-10-04 오후 11:59:29"
"public\data\gh-monitor.json","4005","2025-10-04 오후 11:59:29"
"public\widgets\gh-pr-badge.html","2105","2025-10-04 오후 11:59:29"
"public\widgets\gh-pr-mini.html","1580","2025-10-04 오후 11:59:29"
"public\widgets\mini-dashboard.html","5301","2025-10-04 오후 11:59:29"
"scripts\health-server.mjs","612","2025-10-04 오후 11:59:29"
"scripts\ui_patch_direct.ps1","9854","2025-10-04 오후 11:59:29"
"scripts\g5\_tmp.patch.txt","393","2025-10-20 오전 2:05:31"
"scripts\g5\ak-audit.ps1","781","2025-10-04 오후 11:59:29"
"scripts\g5\ak-checks.ps1","538","2025-10-04 오후 11:59:29"
"scripts\g5\ak-dispatch.ps1","1680","2025-10-20 오후 8:06:49"
"scripts\g5\ak-fixloop.ps1","1319","2025-10-20 오후 8:06:49"
"scripts\g5\ak-fmt.ps1","1241","2025-10-04 오후 11:59:29"
"scripts\g5\ak-label.ps1","1068","2025-10-04 오후 11:59:29"
"scripts\g5\ak-lint.ps1","1336","2025-10-04 오후 11:59:29"
"scripts\g5\ak-merge.ps1","934","2025-10-04 오후 11:59:29"
"scripts\g5\ak-protect.ps1","1051","2025-10-20 오후 8:06:49"
"scripts\g5\ak-release.ps1","1251","2025-10-04 오후 11:59:29"
"scripts\g5\ak-rerun.ps1","1070","2025-10-04 오후 11:59:29"
"scripts\g5\ak-rewrite.ps1","1319","2025-10-20 오후 8:06:49"
"scripts\g5\ak-scan.ps1","1319","2025-10-20 오후 8:06:49"
"scripts\g5\ak-status.ps1","582","2025-10-04 오후 11:59:29"
"scripts\g5\ak-test.ps1","1319","2025-10-20 오후 8:06:49"
"scripts\g5\apply-patches.ps1","5459","2025-10-21 오후 7:35:25"
"scripts\g5\apply-pending-patches.ps1","587073","2025-10-20 오후 8:06:49"
"scripts\g5\auto-fix-open-prs.ps1","4841","2025-10-20 오후 8:06:49"
"scripts\g5\auto-merge-ready.ps1","3645","2025-10-20 오후 8:06:50"
"scripts\g5\auto-pr-complete.ps1","7968","2025-10-20 오후 8:06:50"
"scripts\g5\autostart-verify.ps1","708","2025-10-20 오전 2:05:31"
"scripts\g5\branch-prune-quiet.ps1","3347","2025-10-20 오후 8:06:50"
"scripts\g5\Check-AK7-Ports.ps1","1514","2025-10-20 오전 2:05:31"
"scripts\g5\Check-All-DevMock.ps1","1079","2025-10-21 오후 3:12:01"
"scripts\g5\check-pr-ready.ps1","4738","2025-10-04 오후 11:59:29"
"scripts\g5\Clean-AK7-Ports.ps1","1703","2025-10-20 오전 2:05:31"
"scripts\g5\doctor.ps1","2422","2025-10-20 오후 8:06:50"
"scripts\g5\enforcement-check.ps1","2333","2025-10-20 오전 2:05:31"
"scripts\g5\enforcement-check.v2.ps1","3381","2025-10-20 오전 2:05:31"
"scripts\g5\enforcement-check.v3.ps1","3066","2025-10-20 오전 2:05:31"
"scripts\g5\error-trend.ps1","3427","2025-10-04 오후 11:59:29"
"scripts\g5\fetch-quiet.ps1","3421","2025-10-20 오후 8:06:50"
"scripts\g5\finalize-release.ps1","3158","2025-10-20 오후 8:06:50"
"scripts\g5\fix-console-now.ps1","2701","2025-10-21 오후 6:28:34"
"scripts\g5\fix-gha-pwsh-installer.ps1","0","2025-10-04 오후 11:59:29"
"scripts\g5\fix-weekly-smoke-yaml.v2.ps1","0","2025-10-04 오후 11:59:29"
"scripts\g5\g5-autopilot-noninteractive.ps1","3316","2025-10-20 오전 2:05:31"
"scripts\g5\g5-d11d15-pack.ps1","6946","2025-10-20 오전 2:05:31"
"scripts\g5\g5-d3d5-pack.ps1","6095","2025-10-20 오전 2:05:31"
"scripts\g5\g5-d6d7-pack.ps1","6506","2025-10-20 오전 2:05:31"
"scripts\g5\g5-d8d10-pack.ps1","6087","2025-10-20 오전 2:05:31"
"scripts\g5\g5-start-servers.ps1","1948","2025-10-20 오전 2:05:31"
"scripts\g5\github-status-export.ps1","4727","2025-10-04 오후 11:59:29"
"scripts\g5\good-list.ps1","527","2025-10-04 오후 11:59:29"
"scripts\g5\good-restore.ps1","1587","2025-10-04 오후 11:59:29"
"scripts\g5\good-save.ps1","1703","2025-10-04 오후 11:59:29"
"scripts\g5\guard-run.ps1","1748","2025-10-04 오후 11:59:29"
"scripts\g5\harden-private-pro.ps1","2915","2025-10-20 오전 2:05:31"
"scripts\g5\harden-private-pro.v2.ps1","2885","2025-10-20 오전 2:05:31"
"scripts\g5\health-smoke.ps1","499","2025-10-20 오전 2:05:31"
"scripts\g5\housekeeping-summarize.ps1","2277","2025-10-04 오후 11:59:29"
"scripts\g5\housekeeping-weekly-run.ps1","4144","2025-10-04 오후 11:59:29"
"scripts\g5\housekeeping-weekly.ps1","2426","2025-10-04 오후 11:59:29"
"scripts\g5\Install-AK7-AutoStart.ps1","2870","2025-10-20 오전 2:05:31"
"scripts\g5\install-guards.ps1","3406","2025-10-20 오전 2:05:31"
"scripts\g5\install-hooks.ps1","774","2025-10-20 오전 2:05:31"
"scripts\g5\Install-OrchMon-AutoStart.ps1","3260","2025-10-20 오전 2:05:31"
"scripts\g5\Install-OrchMon-AutoStart.ps1.bak_20251009_210841","6759","2025-10-20 오전 2:05:31"
"scripts\g5\Install-OrchMon-AutoStart.ps1.bak_20251009_211643","6764","2025-10-20 오전 2:05:31"
"scripts\g5\Install-OrchMon-AutoStart.ps1.bak_20251010_104129","6774","2025-10-20 오전 2:05:31"
"scripts\g5\Install-OrchMon-AutoStart.ps1.bak_20251019_101101","2946","2025-10-20 오전 2:05:31"
"scripts\g5\inventory.ps1","1849","2025-10-20 오전 2:05:31"
"scripts\g5\klc-aggregate.ps1","1316","2025-10-20 오전 2:05:31"
"scripts\g5\klc-verify.ps1","2005","2025-10-20 오전 2:05:31"
"scripts\g5\kobong-run.cmd","764","2025-10-04 오후 11:59:29"
"scripts\g5\kobong-run.ps1","772","2025-10-04 오후 11:59:29"
"scripts\g5\launch-ci-summary.cmd","493","2025-10-04 오후 11:59:29"
"scripts\g5\launch-kobong-logger.cmd","498","2025-10-04 오후 11:59:29"
"scripts\g5\launch-kobong-orchestrator.cmd","504","2025-10-04 오후 11:59:29"
"scripts\g5\launch-monitor-logs.cmd","493","2025-10-04 오후 11:59:29"
"scripts\g5\launch-monitor-status.cmd","495","2025-10-04 오후 11:59:29"
"scripts\g5\lib-safe.psm1","2127","2025-10-04 오후 11:59:29"
"scripts\g5\make-g5-context.ps1","2975","2025-10-21 오후 7:49:14"
"scripts\g5\make-run-report.ps1","3717","2025-10-04 오후 11:59:29"
"scripts\g5\manifest-prune.ps1","4428","2025-10-04 오후 11:59:29"
"scripts\g5\monitor-health.ps1","1501","2025-10-04 오후 11:59:29"
"scripts\g5\monitor-logs.ps1","3237","2025-10-04 오후 11:59:29"
"scripts\g5\monitor-status.ps1","3615","2025-10-04 오후 11:59:29"
"scripts\g5\om-ui-init.patch.txt","8929","2025-10-20 오전 2:05:31"
"scripts\g5\one-shot-setup.ps1","1475","2025-10-04 오후 11:59:29"
"scripts\g5\open-ps7-here.cmd","210","2025-10-04 오후 11:59:29"
"scripts\g5\ops-menu.ps1","2949","2025-10-04 오후 11:59:29"
"scripts\g5\ops-one-key.ps1","4963","2025-10-21 오후 8:06:19"
"scripts\g5\Patch-OrchMon-NodePath.ps1","1262","2025-10-20 오전 2:05:31"
"scripts\g5\ports-clean.ps1","613","2025-10-20 오전 2:05:31"
"scripts\g5\post-merge-ship.ps1","2054","2025-10-21 오후 7:53:17"
"scripts\g5\pr-automerge-watch.ps1","3716","2025-10-04 오후 11:59:29"
"scripts\g5\pr-badge-dedupe.ps1","942","2025-10-04 오후 11:59:29"
"scripts\g5\pr-rebase-onto-main.ps1","4134","2025-10-04 오후 11:59:29"
"scripts\g5\pr-rerun-checks-and-watch.ps1","2488","2025-10-04 오후 11:59:29"
"scripts\g5\pre-push","602","2025-10-20 오전 2:05:31"
"scripts\g5\protect-file.ps1","1364","2025-10-04 오후 11:59:29"
"scripts\g5\ps-header-enforcer.ps1","3136","2025-10-04 오후 11:59:29"
"scripts\g5\register-docs-manifest.ps1","5934","2025-10-20 오전 2:05:31"
"scripts\g5\register-housekeeping-task.ps1","6923","2025-10-04 오후 11:59:29"
"scripts\g5\register-manifest.ps1","4612","2025-10-04 오후 11:59:29"
"scripts\g5\release-append-badge.ps1","2031","2025-10-04 오후 11:59:29"
"scripts\g5\release-next-patch.ps1","2771","2025-10-04 오후 11:59:29"
"scripts\g5\release-stabilize-with-watch.ps1","3426","2025-10-04 오후 11:59:29"
"scripts\g5\release-stabilize.ps1","5306","2025-10-04 오후 11:59:29"
"scripts\g5\release-train-with-watch.ps1","3088","2025-10-04 오후 11:59:29"
"scripts\g5\release-train.ps1","4064","2025-10-04 오후 11:59:29"
"scripts\g5\release-vpatch.ps1","5943","2025-10-04 오후 11:59:29"
"scripts\g5\release-vpatch.safe.ps1","3480","2025-10-04 오후 11:59:29"
"scripts\g5\remove-guards.ps1","609","2025-10-20 오전 2:05:31"
"scripts\g5\repair-protection.ps1","963","2025-10-20 오전 2:05:31"
"scripts\g5\restart-containers.ps1","645","2025-10-20 오전 2:05:31"
"scripts\g5\rotate-apply-log.ps1","3524","2025-10-04 오후 11:59:29"
"scripts\g5\run-auto-patch-and-verify.ps1","4387","2025-10-04 오후 11:59:29"
"scripts\g5\run-github-monitor.ps1","770","2025-10-04 오후 11:59:29"
"scripts\g5\run-kobong-logger.ps1","459","2025-10-04 오후 11:59:29"
"scripts\g5\run-kobong-orchestrator.ps1","2036","2025-10-04 오후 11:59:29"
"scripts\g5\run-orch-shells-win.ps1","923","2025-10-20 오전 2:05:31"
"scripts\g5\Run-OrchMon-5183-5193.ps1","3781","2025-10-20 오전 2:05:31"
"scripts\g5\Run-OrchMon-5183-5193.ps1.bak_20251019_101101","3636","2025-10-20 오전 2:05:31"
"scripts\g5\run-pr-complete.ps1","1178","2025-10-04 오후 11:59:29"
"scripts\g5\run-public-badge-sync.ps1","861","2025-10-04 오후 11:59:29"
"scripts\g5\run-static-web.ps1","4293","2025-10-04 오후 11:59:29"
"scripts\g5\run-step4-keep.ps1","1500","2025-10-04 오후 11:59:29"
"scripts\g5\run-watchdog.ps1","3248","2025-10-04 오후 11:59:29"
"scripts\g5\scheduler-tune.ps1","1425","2025-10-04 오후 11:59:29"
"scripts\g5\serve-public.ps1","4324","2025-10-04 오후 11:59:29"
"scripts\g5\setup-git-hooks.ps1","177","2025-10-04 오후 11:59:29"
"scripts\g5\shell-status.ps1","1554","2025-10-04 오후 11:59:29"
"scripts\g5\smoke-auto-release.ps1","2859","2025-10-04 오후 11:59:29"
"scripts\g5\soft-guard.yml","343","2025-10-20 오전 2:05:31"
"scripts\g5\Start-AK7.ps1","2994","2025-10-21 오전 1:42:53"
"scripts\g5\Start-All-DevMock.ps1","1820","2025-10-21 오후 3:12:01"
"scripts\g5\status-setup.ps1","1126","2025-10-04 오후 11:59:29"
"scripts\g5\Stop-All-DevMock.ps1","334","2025-10-21 오후 3:12:01"
"scripts\g5\synthetic-pr-workload.ps1","8702","2025-10-04 오후 11:59:29"
"scripts\g5\unprotect-file.ps1","730","2025-10-04 오후 11:59:29"
"scripts\g5\update-docs-and-inventory.ps1","2134","2025-10-21 오후 7:49:56"
"scripts\g5\verify-housekeeping.ps1","2025","2025-10-04 오후 11:59:29"
"scripts\g5\verify-protection.ps1","623","2025-10-20 오전 2:05:31"
"scripts\g5\verify-protection.v2.ps1","1185","2025-10-20 오전 2:05:31"
"scripts\g5\watch-badge-ready.ps1","3581","2025-10-04 오후 11:59:29"
"scripts\g5\watch-readme-badge.ps1","3663","2025-10-04 오후 11:59:29"
"scripts\g5\logs\AK7-DEV_20251021_113052.err.log","0","2025-10-21 오전 2:30:52"
"scripts\g5\logs\AK7-DEV_20251021_113052.out.log","55","2025-10-21 오전 2:30:52"
"scripts\g5\logs\AK7-DEV_20251021_205102.err.log","0","2025-10-21 오전 11:51:02"
"scripts\g5\logs\AK7-DEV_20251021_205102.out.log","55","2025-10-21 오전 11:51:02"
"scripts\g5\logs\AK7-DEV_20251022_013626.err.log","1156","2025-10-21 오후 4:36:26"
"scripts\g5\logs\AK7-DEV_20251022_013626.out.log","0","2025-10-21 오후 4:36:26"
"scripts\g5\logs\AK7-DEV_20251022_013859.err.log","1156","2025-10-21 오후 4:38:59"
"scripts\g5\logs\AK7-DEV_20251022_013859.out.log","0","2025-10-21 오후 4:38:59"
"scripts\g5\logs\AK7-DEV_20251022_014052.err.log","1156","2025-10-21 오후 4:40:52"
"scripts\g5\logs\AK7-DEV_20251022_014052.out.log","0","2025-10-21 오후 4:40:52"
"scripts\g5\logs\AK7-DEV_20251022_014256.err.log","1156","2025-10-21 오후 4:42:56"
"scripts\g5\logs\AK7-DEV_20251022_014256.out.log","0","2025-10-21 오후 4:42:56"
"scripts\g5\logs\AK7-DEV_20251022_014340.err.log","1156","2025-10-21 오후 4:43:40"
"scripts\g5\logs\AK7-DEV_20251022_014340.out.log","0","2025-10-21 오후 4:43:40"
"scripts\g5\logs\AK7-DEV_20251022_015116.err.log","1156","2025-10-21 오후 4:51:16"
"scripts\g5\logs\AK7-DEV_20251022_015116.out.log","0","2025-10-21 오후 4:51:16"
"scripts\g5\logs\AK7-DEV_20251022_015910.err.log","0","2025-10-21 오후 4:59:10"
"scripts\g5\logs\AK7-DEV_20251022_015910.out.log","55","2025-10-21 오후 4:59:10"
"scripts\g5\logs\AK7-DEV_20251022_020151.err.log","0","2025-10-21 오후 5:01:51"
"scripts\g5\logs\AK7-DEV_20251022_020151.out.log","55","2025-10-21 오후 5:01:51"
"scripts\g5\logs\AK7-DEV_20251022_032934.err.log","0","2025-10-21 오후 6:29:34"
"scripts\g5\logs\AK7-DEV_20251022_032934.out.log","55","2025-10-21 오후 6:29:34"
"scripts\g5\logs\AK7-MOCK_20251021_113052.err.log","0","2025-10-21 오전 2:30:52"
"scripts\g5\logs\AK7-MOCK_20251021_113052.out.log","55","2025-10-21 오전 2:30:52"
"scripts\g5\logs\AK7-MOCK_20251021_205102.err.log","0","2025-10-21 오전 11:51:02"
"scripts\g5\logs\AK7-MOCK_20251021_205102.out.log","55","2025-10-21 오전 11:51:02"
"scripts\g5\logs\AK7-MOCK_20251022_013626.err.log","1168","2025-10-21 오후 4:36:26"
"scripts\g5\logs\AK7-MOCK_20251022_013626.out.log","0","2025-10-21 오후 4:36:26"
"scripts\g5\logs\AK7-MOCK_20251022_013859.err.log","1168","2025-10-21 오후 4:38:59"
"scripts\g5\logs\AK7-MOCK_20251022_013859.out.log","0","2025-10-21 오후 4:38:59"
"scripts\g5\logs\AK7-MOCK_20251022_014052.err.log","1168","2025-10-21 오후 4:40:52"
"scripts\g5\logs\AK7-MOCK_20251022_014052.out.log","0","2025-10-21 오후 4:40:52"
"scripts\g5\logs\AK7-MOCK_20251022_014256.err.log","1168","2025-10-21 오후 4:42:56"
"scripts\g5\logs\AK7-MOCK_20251022_014256.out.log","0","2025-10-21 오후 4:42:56"
"scripts\g5\logs\AK7-MOCK_20251022_014340.err.log","1168","2025-10-21 오후 4:43:40"
"scripts\g5\logs\AK7-MOCK_20251022_014340.out.log","0","2025-10-21 오후 4:43:40"
"scripts\g5\logs\AK7-MOCK_20251022_015116.err.log","1168","2025-10-21 오후 4:51:16"
"scripts\g5\logs\AK7-MOCK_20251022_015116.out.log","0","2025-10-21 오후 4:51:16"
"scripts\g5\logs\AK7-MOCK_20251022_015910.err.log","0","2025-10-21 오후 4:59:10"
"scripts\g5\logs\AK7-MOCK_20251022_015910.out.log","55","2025-10-21 오후 4:59:10"
"scripts\g5\logs\AK7-MOCK_20251022_020151.err.log","0","2025-10-21 오후 5:01:51"
"scripts\g5\logs\AK7-MOCK_20251022_020151.out.log","55","2025-10-21 오후 5:01:51"
"scripts\g5\logs\AK7-MOCK_20251022_032934.err.log","0","2025-10-21 오후 6:29:34"
"scripts\g5\logs\AK7-MOCK_20251022_032934.out.log","55","2025-10-21 오후 6:29:34"
"scripts\g5\logs\ORCH-DEV_20251021_113052.err.log","0","2025-10-21 오전 2:30:52"
"scripts\g5\logs\ORCH-DEV_20251021_113052.out.log","63","2025-10-21 오전 2:30:52"
"scripts\g5\logs\ORCH-DEV_20251021_205102.err.log","0","2025-10-21 오전 11:51:02"
"scripts\g5\logs\ORCH-DEV_20251021_205102.out.log","63","2025-10-21 오전 11:51:02"
"scripts\g5\logs\ORCH-DEV_20251022_013626.err.log","0","2025-10-21 오후 4:36:26"
"scripts\g5\logs\ORCH-DEV_20251022_013626.out.log","63","2025-10-21 오후 4:36:26"
"scripts\g5\logs\ORCH-DEV_20251022_013859.err.log","0","2025-10-21 오후 4:38:59"
"scripts\g5\logs\ORCH-DEV_20251022_013859.out.log","63","2025-10-21 오후 4:38:59"
"scripts\g5\logs\ORCH-DEV_20251022_014052.err.log","0","2025-10-21 오후 4:40:52"
"scripts\g5\logs\ORCH-DEV_20251022_014052.out.log","63","2025-10-21 오후 4:40:52"
"scripts\g5\logs\ORCH-DEV_20251022_014256.err.log","0","2025-10-21 오후 4:42:56"
"scripts\g5\logs\ORCH-DEV_20251022_014256.out.log","63","2025-10-21 오후 4:42:56"
"scripts\g5\logs\ORCH-DEV_20251022_014340.err.log","0","2025-10-21 오후 4:43:40"
"scripts\g5\logs\ORCH-DEV_20251022_014340.out.log","63","2025-10-21 오후 4:43:40"
"scripts\g5\logs\ORCH-DEV_20251022_015116.err.log","0","2025-10-21 오후 4:51:16"
"scripts\g5\logs\ORCH-DEV_20251022_015116.out.log","63","2025-10-21 오후 4:51:16"
"scripts\g5\logs\ORCH-DEV_20251022_015910.err.log","0","2025-10-21 오후 4:59:10"
"scripts\g5\logs\ORCH-DEV_20251022_015910.out.log","63","2025-10-21 오후 4:59:10"
"scripts\g5\logs\ORCH-DEV_20251022_020151.err.log","0","2025-10-21 오후 5:01:51"
"scripts\g5\logs\ORCH-DEV_20251022_020151.out.log","63","2025-10-21 오후 5:01:52"
"scripts\g5\logs\ORCH-DEV_20251022_032934.err.log","0","2025-10-21 오후 6:29:34"
"scripts\g5\logs\ORCH-DEV_20251022_032934.out.log","63","2025-10-21 오후 6:29:34"
"scripts\g5\logs\ORCH-MOCK_20251021_113052.err.log","0","2025-10-21 오전 2:30:52"
"scripts\g5\logs\ORCH-MOCK_20251021_113052.out.log","63","2025-10-21 오전 2:30:52"
"scripts\g5\logs\ORCH-MOCK_20251021_205102.err.log","0","2025-10-21 오전 11:51:02"
"scripts\g5\logs\ORCH-MOCK_20251021_205102.out.log","63","2025-10-21 오전 11:51:02"
"scripts\g5\logs\ORCH-MOCK_20251022_013626.err.log","0","2025-10-21 오후 4:36:26"
"scripts\g5\logs\ORCH-MOCK_20251022_013626.out.log","63","2025-10-21 오후 4:36:26"
"scripts\g5\logs\ORCH-MOCK_20251022_013859.err.log","0","2025-10-21 오후 4:38:59"
"scripts\g5\logs\ORCH-MOCK_20251022_013859.out.log","63","2025-10-21 오후 4:38:59"
"scripts\g5\logs\ORCH-MOCK_20251022_014052.err.log","0","2025-10-21 오후 4:40:52"
"scripts\g5\logs\ORCH-MOCK_20251022_014052.out.log","63","2025-10-21 오후 4:40:52"
"scripts\g5\logs\ORCH-MOCK_20251022_014256.err.log","0","2025-10-21 오후 4:42:56"
"scripts\g5\logs\ORCH-MOCK_20251022_014256.out.log","63","2025-10-21 오후 4:42:56"
"scripts\g5\logs\ORCH-MOCK_20251022_014340.err.log","0","2025-10-21 오후 4:43:40"
"scripts\g5\logs\ORCH-MOCK_20251022_014340.out.log","63","2025-10-21 오후 4:43:40"
"scripts\g5\logs\ORCH-MOCK_20251022_015116.err.log","0","2025-10-21 오후 4:51:16"
"scripts\g5\logs\ORCH-MOCK_20251022_015116.out.log","63","2025-10-21 오후 4:51:16"
"scripts\g5\logs\ORCH-MOCK_20251022_015910.err.log","0","2025-10-21 오후 4:59:10"
"scripts\g5\logs\ORCH-MOCK_20251022_015910.out.log","63","2025-10-21 오후 4:59:10"
"scripts\g5\logs\ORCH-MOCK_20251022_020151.err.log","0","2025-10-21 오후 5:01:51"
"scripts\g5\logs\ORCH-MOCK_20251022_020151.out.log","63","2025-10-21 오후 5:01:52"
"scripts\g5\logs\ORCH-MOCK_20251022_032934.err.log","0","2025-10-21 오후 6:29:34"
"scripts\g5\logs\ORCH-MOCK_20251022_032934.out.log","63","2025-10-21 오후 6:29:34"
"scripts\g5\patches\apply-patches_hotfix_v1.patch.txt","268","2025-10-20 오전 2:05:31"
"scripts\g5\patches\Install-AK7-AutoStart.ps1","4251","2025-10-20 오후 8:06:50"
"scripts\g5\patches\om-ui-init.patch.txt","8929","2025-10-20 오전 2:05:31"
"scripts\g5\shells\Install-AK7-AutoStart.ps1","4251","2025-10-20 오후 8:06:50"
"scripts\g5\shells\run-orch-host-5188.ps1","5922","2025-10-20 오후 8:06:50"
"scripts\g5\shells\run-orch-shells-host.ps1","6377","2025-10-20 오후 8:06:50"
"scripts\g5\shells\run-orch-shells-win.ps1","1033","2025-10-20 오전 2:05:31"
"scripts\g5\shells\stop-orch-shells.ps1","237","2025-10-20 오전 2:05:31"
"scripts\g5\UI\deploy-GitHub-Mon-ui.ps1","1644","2025-10-20 오후 8:06:49"
"scripts\g5\UI\Install-AK7-AutoStart.ps1","4251","2025-10-20 오후 8:06:49"
"scripts\g5\UI\run-GHMON.ps1","2307","2025-10-20 오후 8:06:49"
"scripts\g5\UI\stop-GHMON.ps1","605","2025-10-20 오전 2:05:31"
"scripts\g5\UI\test-GHMON.ps1","299","2025-10-20 오전 2:05:31"
"scripts\g5\UI\ui_patch_direct.ps1","986","2025-10-20 오전 2:05:31"
"scripts\lib\kobong-fileio.psm1","1892","2025-10-04 오후 11:59:29"
"src\kobong-logger-cli\kobong-logger.psm1","1470","2025-10-20 오전 2:05:31"
"STS_Logo\sts_logo.png","1460874","2025-10-19 오전 2:44:14"
"tests\contract\_smoke.spec.ts","420","2025-10-04 오후 11:59:29"
"webui\package-lock.json","29150","2025-10-04 오후 11:59:29"
"webui\package.json","243","2025-10-04 오후 11:59:29"
"webui\vite.config.mjs","322","2025-10-04 오후 11:59:29"
"webui\public\__ping_dashboard__.txt","36","2025-10-04 오후 11:59:29"
"webui\public\brand.png","1460874","2025-10-04 오후 11:59:29"
"webui\public\brand.svg","303","2025-10-04 오후 11:59:29"
"webui\public\events","90","2025-10-04 오후 11:59:29"
"webui\public\github.html","5310","2025-10-04 오후 11:59:29"
"webui\public\index.html","3126","2025-10-04 오후 11:59:29"
"webui\public\metrics","52","2025-10-04 오후 11:59:29"
"webui\public\status.html","7040","2025-10-04 오후 11:59:29"
"webui\public\sts-kobong-GitHub-min.html","5207","2025-10-04 오후 11:59:29"
"webui\public\api\events","90","2025-10-04 오후 11:59:29"
"webui\public\api\metrics","52","2025-10-04 오후 11:59:29"
"webui\public\css\app.css","2838","2025-10-04 오후 11:59:29"
"webui\public\data\gh-monitor.json","932","2025-10-04 오후 11:59:29"
"webui\public\js\app.mjs","2122","2025-10-04 오후 11:59:29"
"webui\public\js\kb-theme.js","1963","2025-10-04 오후 11:59:29"
"webui\public\js\kb-topline.js","1797","2025-10-04 오후 11:59:29"
"webui\public\js\metrics.mjs","1634","2025-10-04 오후 11:59:29"
"webui\public\js\sse.mjs","644","2025-10-04 오후 11:59:29"
"webui\public\js\status.js","5230","2025-10-04 오후 11:59:29"
"webui\public\js\sts-gh-min.js","3449","2025-10-04 오후 11:59:29"
"webui\public\js\ui.mjs","860","2025-10-04 오후 11:59:29"
"webui\public\widgets\gh-pr-badge.html","2105","2025-10-04 오후 11:59:29"
"webui\public\widgets\gh-pr-mini.html","1580","2025-10-04 오후 11:59:29"
"webui\public\widgets\mini-dashboard.html","5301","2025-10-04 오후 11:59:29"
"_deploy\cache\.editorconfig","133","2025-10-18 오후 1:19:08"
"_deploy\cache\.gitattributes","695","2025-10-18 오후 1:19:08"
"_deploy\cache\.gitignore","244","2025-10-18 오후 1:19:08"
"_deploy\cache\.npmrc","25","2025-10-18 오후 1:19:08"
"_deploy\cache\CHANGELOG.md","0","2025-10-18 오후 1:19:08"
"_deploy\cache\fix-ak.ps1","8982","2025-10-18 오후 1:19:08"
"_deploy\cache\kobong_gpt_5_주도형_개발_계획서_v_1.md","9322","2025-10-18 오후 1:19:08"
"_deploy\cache\README.md","463","2025-10-18 오후 1:19:08"
"_deploy\cache\remove-open-ps7-cmd.ps1","3938","2025-10-18 오후 1:19:11"
"_deploy\cache\repo-curate-and-commit.ps1","3665","2025-10-18 오후 1:19:11"
"_deploy\cache\Rollbackfile.json","1851","2025-10-18 오후 1:19:08"
"_deploy\cache\SECURITY.md","2463","2025-10-18 오후 1:19:08"
"_deploy\cache\upgrade-gh-and-hook.ps1","4337","2025-10-18 오후 1:19:11"
"_deploy\cache\.config\.psscriptanalyzerrc.psd1","329","2025-10-18 오후 1:19:08"
"_deploy\cache\.githooks\pre-commit","433","2025-10-18 오후 1:19:08"
"_deploy\cache\.githooks\pre-commit.bat","315","2025-10-18 오후 1:19:08"
"_deploy\cache\.githooks\pre-commit.cmd","315","2025-10-18 오후 1:19:08"
"_deploy\cache\.githooks\pre-commit.ps1","878","2025-10-18 오후 1:19:08"
"_deploy\cache\.githooks\pre-push","410","2025-10-18 오후 1:19:08"
"_deploy\cache\.githooks\pre-push.cmd","313","2025-10-18 오후 1:19:08"
"_deploy\cache\.githooks\pre-push.ps1","1476","2025-10-18 오후 1:19:08"
"_deploy\cache\.githooks\_bak\pre-commit.local-20250918-054137.bak","474","2025-10-18 오후 1:19:08"
"_deploy\cache\.github\dependabot.yml","146","2025-10-18 오후 1:19:12"
"_deploy\cache\.github\pull_request_template.md","406","2025-10-18 오후 1:19:12"
"_deploy\cache\.github\workflows\ak-auto.yml","5636","2025-10-18 오후 1:19:08"
"_deploy\cache\.github\workflows\ak-commands.yml","3559","2025-10-18 오후 1:19:08"
"_deploy\cache\.github\workflows\auto-github-release.yml","1258","2025-10-18 오후 1:19:08"
"_deploy\cache\.github\workflows\auto-merge.yml","555","2025-10-18 오후 1:19:08"
"_deploy\cache\.github\workflows\dispatch-on-release.yml","705","2025-10-18 오후 1:19:12"
"_deploy\cache\.github\workflows\guard-flush-queue.yml","1332","2025-10-18 오후 1:19:08"
"_deploy\cache\.github\workflows\guard-logs-ignored.yml","1346","2025-10-18 오후 1:19:08"
"_deploy\cache\.github\workflows\guard-readme-badge.yml","714","2025-10-18 오후 1:19:08"
"_deploy\cache\.github\workflows\guard-sentinel.yml","880","2025-10-18 오후 1:19:12"
"_deploy\cache\.github\workflows\health-monitor.yml","1499","2025-10-18 오후 1:19:08"
"_deploy\cache\.github\workflows\housekeeping-smoke.yml","2039","2025-10-18 오후 1:19:08"
"_deploy\cache\.github\workflows\klc-verify.yml","986","2025-10-18 오후 1:19:12"
"_deploy\cache\.github\workflows\protect-manual.yml","1972","2025-10-18 오후 1:19:08"
"_deploy\cache\.github\workflows\psanalyze.yml","2387","2025-10-18 오후 1:19:08"
"_deploy\cache\.github\workflows\release-docs.yml","3895","2025-10-18 오후 1:19:08"
"_deploy\cache\.github\workflows\release-gate-auto.yml","539","2025-10-18 오후 1:19:08"
"_deploy\cache\.github\workflows\release-gate-strong.yml","1683","2025-10-18 오후 1:19:12"
"_deploy\cache\.github\workflows\release-gate.yml","560","2025-10-18 오후 1:19:12"
"_deploy\cache\.github\workflows\weekly-auto-release-smoke.yml","1447","2025-10-18 오후 1:19:08"
"_deploy\cache\.github\workflows\xp-summary-artifact.yml","3594","2025-10-18 오후 1:19:08"
"_deploy\cache\.kobong\archived\patches-20250924-135817.txt","6137","2025-10-18 오후 1:19:08"
"_deploy\cache\.kobong\reports\ERROR-KB.md","5768","2025-10-18 오후 1:19:08"
"_deploy\cache\.pr-artifacts\xp-summary-20250915-125039.md","126","2025-10-18 오후 1:19:08"
"_deploy\cache\.vscode\settings.json","235","2025-10-18 오후 1:19:08"
"_deploy\cache\AUTO-Kobong\AUTO-Kobong-메뉴얼.md","5337","2025-10-18 오후 1:19:08"
"_deploy\cache\AUTO-Kobong\CODEOWNERS.manual.add.txt","226","2025-10-18 오후 1:19:08"
"_deploy\cache\AUTO-Kobong\start-ak.ps1","3555","2025-10-18 오후 1:19:08"
"_deploy\cache\AUTO-Kobong\scripts\g5\ak-dispatch.ps1","2223","2025-10-18 오후 1:19:08"
"_deploy\cache\AUTO-Kobong\scripts\g5\ak-fixloop.ps1","833","2025-10-18 오후 1:19:08"
"_deploy\cache\AUTO-Kobong\scripts\g5\ak-live-extract.ps1","3081","2025-10-18 오후 1:19:08"
"_deploy\cache\AUTO-Kobong\scripts\g5\ak-rewrite.ps1","873","2025-10-18 오후 1:19:08"
"_deploy\cache\AUTO-Kobong\scripts\g5\ak-scan.ps1","962","2025-10-18 오후 1:19:08"
"_deploy\cache\AUTO-Kobong\scripts\g5\ak-test.ps1","450","2025-10-18 오후 1:19:08"
"_deploy\cache\deploy\deploy-postswitch.ps1","1653","2025-10-18 오후 1:19:12"
"_deploy\cache\deploy\deploy-release.ps1","2408","2025-10-18 오후 1:19:12"
"_deploy\cache\deploy\urs-mark-good.ps1","501","2025-10-18 오후 1:19:12"
"_deploy\cache\deploy\urs-rollback.ps1","1576","2025-10-18 오후 1:19:12"
"_deploy\cache\dev\kb-api.cjs","1767","2025-10-18 오후 1:19:08"
"_deploy\cache\dev\kb-dev-backend.mjs","1796","2025-10-18 오후 1:19:08"
"_deploy\cache\dist\app\bootstrap.js","872","2025-10-18 오후 1:19:08"
"_deploy\cache\dist\app\hardening.js","6791","2025-10-18 오후 1:19:08"
"_deploy\cache\dist\app\kobong_api.acl.js","55","2025-10-18 오후 1:19:08"
"_deploy\cache\dist\app\kobong_api.js","1315","2025-10-18 오후 1:19:08"
"_deploy\cache\dist\app\kobong.js","68","2025-10-18 오후 1:19:08"
"_deploy\cache\dist\app\kobong\index.js","69","2025-10-18 오후 1:19:08"
"_deploy\cache\dist\app\kobong_api\index.js","69","2025-10-18 오후 1:19:08"
"_deploy\cache\dist\app\reporting\report_service.js","164","2025-10-18 오후 1:19:08"
"_deploy\cache\dist\app\reporting\ReportService.js","2028","2025-10-18 오후 1:19:08"
"_deploy\cache\dist\domain\dsl\ast.js","413","2025-10-18 오후 1:19:08"
"_deploy\cache\dist\domain\dsl\parser.js","3223","2025-10-18 오후 1:19:08"
"_deploy\cache\dist\domain\dsl\v0_4\parser.js","550","2025-10-18 오후 1:19:08"
"_deploy\cache\dist\domain\dsl\v0_4\ports.js","11","2025-10-18 오후 1:19:08"
"_deploy\cache\dist\domain\dsl\v0_4\types.js","11","2025-10-18 오후 1:19:08"
"_deploy\cache\dist\domain\ports\httpClient.js","11","2025-10-18 오후 1:19:08"
"_deploy\cache\dist\domain\ports\kobong_api.js","11","2025-10-18 오후 1:19:08"
"_deploy\cache\dist\domain\ports\kvs.js","11","2025-10-18 오후 1:19:08"
"_deploy\cache\dist\domain\ports\logger.js","11","2025-10-18 오후 1:19:08"
"_deploy\cache\dist\domain\reporting\errors.js","360","2025-10-18 오후 1:19:08"
"_deploy\cache\dist\domain\reporting\ports.js","59","2025-10-18 오후 1:19:08"
"_deploy\cache\dist\domain\reporting\types.js","11","2025-10-18 오후 1:19:08"
"_deploy\cache\dist\infra\kobong_api.js","73","2025-10-18 오후 1:19:08"
"_deploy\cache\dist\infra\adapters\index.js","100","2025-10-18 오후 1:19:08"
"_deploy\cache\dist\infra\adapters\kobong_api_rest.js","3046","2025-10-18 오후 1:19:08"
"_deploy\cache\dist\infra\adapters\stub\httpClient.js","575","2025-10-18 오후 1:19:08"
"_deploy\cache\dist\infra\adapters\stub\kvs.js","1110","2025-10-18 오후 1:19:08"
"_deploy\cache\dist\infra\kobong\git_repo.js","1337","2025-10-18 오후 1:19:08"
"_deploy\cache\dist\infra\kobong\index.js","76","2025-10-18 오후 1:19:08"
"_deploy\cache\dist\infra\logging\jsonlLogger.js","3057","2025-10-18 오후 1:19:08"
"_deploy\cache\dist\infra\reporting\CsvRenderer.js","530","2025-10-18 오후 1:19:08"
"_deploy\cache\dist\infra\reporting\JsonRenderer.js","645","2025-10-18 오후 1:19:08"
"_deploy\cache\dist\infra\reporting\memory_report_engine.js","661","2025-10-18 오후 1:19:08"
"_deploy\cache\dist\infra\reporting\parser_adapter.js","189","2025-10-18 오후 1:19:08"
"_deploy\cache\dist\infra\reporting\ParserAdapter.js","1366","2025-10-18 오후 1:19:08"
"_deploy\cache\dist\infra\reporting\QueryStub.js","1959","2025-10-18 오후 1:19:08"
"_deploy\cache\dist\ui\reporting\cli.js","486","2025-10-18 오후 1:19:08"
"_deploy\cache\docs\Kobong-Weekly-Housekeeping.xml","1743","2025-10-18 오후 1:19:08"
"_deploy\cache\docs\status.html","2153","2025-10-18 오후 1:19:08"
"_deploy\cache\docs\badges\ops-failures.svg","646","2025-10-18 오후 1:19:08"
"_deploy\cache\docs\badges\repo-state.svg","622","2025-10-18 오후 1:19:08"
"_deploy\cache\ops\ak-rescue-186-20250928-110147.md","249","2025-10-18 오후 1:19:11"
"_deploy\cache\public\index.html","775","2025-10-18 오후 1:19:11"
"_deploy\cache\public\data\gh-monitor.json","4005","2025-10-18 오후 1:19:11"
"_deploy\cache\public\widgets\gh-pr-badge.html","2105","2025-10-18 오후 1:19:11"
"_deploy\cache\public\widgets\gh-pr-mini.html","1580","2025-10-18 오후 1:19:11"
"_deploy\cache\public\widgets\mini-dashboard.html","5301","2025-10-18 오후 1:19:11"
"_deploy\cache\scripts\health-server.mjs","612","2025-10-18 오후 1:19:11"
"_deploy\cache\scripts\ui_patch_direct.ps1","9854","2025-10-18 오후 1:19:11"
"_deploy\cache\scripts\g5\ak-audit.ps1","781","2025-10-18 오후 1:19:11"
"_deploy\cache\scripts\g5\ak-checks.ps1","538","2025-10-18 오후 1:19:11"
"_deploy\cache\scripts\g5\ak-dispatch.ps1","1637","2025-10-18 오후 1:19:11"
"_deploy\cache\scripts\g5\ak-fixloop.ps1","1284","2025-10-18 오후 1:19:11"
"_deploy\cache\scripts\g5\ak-fmt.ps1","1241","2025-10-18 오후 1:19:11"
"_deploy\cache\scripts\g5\ak-label.ps1","1068","2025-10-18 오후 1:19:11"
"_deploy\cache\scripts\g5\ak-lint.ps1","1336","2025-10-18 오후 1:19:11"
"_deploy\cache\scripts\g5\ak-merge.ps1","934","2025-10-18 오후 1:19:11"
"_deploy\cache\scripts\g5\ak-protect.ps1","1030","2025-10-18 오후 1:19:11"
"_deploy\cache\scripts\g5\ak-release.ps1","1251","2025-10-18 오후 1:19:11"
"_deploy\cache\scripts\g5\ak-rerun.ps1","1070","2025-10-18 오후 1:19:11"
"_deploy\cache\scripts\g5\ak-rewrite.ps1","1284","2025-10-18 오후 1:19:11"
"_deploy\cache\scripts\g5\ak-scan.ps1","1284","2025-10-18 오후 1:19:11"
"_deploy\cache\scripts\g5\ak-status.ps1","582","2025-10-18 오후 1:19:11"
"_deploy\cache\scripts\g5\ak-test.ps1","1284","2025-10-18 오후 1:19:11"
"_deploy\cache\scripts\g5\apply-patches.ps1","119","2025-10-18 오후 1:19:11"
"_deploy\cache\scripts\g5\apply-pending-patches.ps1","574340","2025-10-18 오후 1:19:11"
"_deploy\cache\scripts\g5\auto-fix-open-prs.ps1","4746","2025-10-18 오후 1:19:11"
"_deploy\cache\scripts\g5\auto-merge-ready.ps1","3564","2025-10-18 오후 1:19:11"
"_deploy\cache\scripts\g5\auto-pr-complete.ps1","7776","2025-10-18 오후 1:19:11"
"_deploy\cache\scripts\g5\autostart-verify.ps1","708","2025-10-18 오후 1:19:12"
"_deploy\cache\scripts\g5\branch-prune-quiet.ps1","3267","2025-10-18 오후 1:19:11"
"_deploy\cache\scripts\g5\check-pr-ready.ps1","4738","2025-10-18 오후 1:19:11"
"_deploy\cache\scripts\g5\doctor.ps1","2366","2025-10-18 오후 1:19:11"
"_deploy\cache\scripts\g5\error-trend.ps1","3427","2025-10-18 오후 1:19:11"
"_deploy\cache\scripts\g5\fetch-quiet.ps1","3334","2025-10-18 오후 1:19:11"
"_deploy\cache\scripts\g5\finalize-release.ps1","3088","2025-10-18 오후 1:19:11"
"_deploy\cache\scripts\g5\fix-gha-pwsh-installer.ps1","0","2025-10-18 오후 1:19:11"
"_deploy\cache\scripts\g5\fix-weekly-smoke-yaml.v2.ps1","0","2025-10-18 오후 1:19:11"
"_deploy\cache\scripts\g5\github-status-export.ps1","4727","2025-10-18 오후 1:19:11"
"_deploy\cache\scripts\g5\good-list.ps1","527","2025-10-18 오후 1:19:11"
"_deploy\cache\scripts\g5\good-restore.ps1","1587","2025-10-18 오후 1:19:11"
"_deploy\cache\scripts\g5\good-save.ps1","1703","2025-10-18 오후 1:19:11"
"_deploy\cache\scripts\g5\guard-run.ps1","1748","2025-10-18 오후 1:19:11"
"_deploy\cache\scripts\g5\housekeeping-summarize.ps1","2277","2025-10-18 오후 1:19:11"
"_deploy\cache\scripts\g5\housekeeping-weekly-run.ps1","4144","2025-10-18 오후 1:19:11"
"_deploy\cache\scripts\g5\housekeeping-weekly.ps1","2426","2025-10-18 오후 1:19:11"
"_deploy\cache\scripts\g5\kobong-run.cmd","764","2025-10-18 오후 1:19:11"
"_deploy\cache\scripts\g5\kobong-run.ps1","772","2025-10-18 오후 1:19:11"
"_deploy\cache\scripts\g5\launch-ci-summary.cmd","493","2025-10-18 오후 1:19:11"
"_deploy\cache\scripts\g5\launch-kobong-logger.cmd","498","2025-10-18 오후 1:19:11"
"_deploy\cache\scripts\g5\launch-kobong-orchestrator.cmd","504","2025-10-18 오후 1:19:11"
"_deploy\cache\scripts\g5\launch-monitor-logs.cmd","493","2025-10-18 오후 1:19:11"
"_deploy\cache\scripts\g5\launch-monitor-status.cmd","495","2025-10-18 오후 1:19:11"
"_deploy\cache\scripts\g5\lib-safe.psm1","2127","2025-10-18 오후 1:19:11"
"_deploy\cache\scripts\g5\make-run-report.ps1","3717","2025-10-18 오후 1:19:11"
"_deploy\cache\scripts\g5\manifest-prune.ps1","4428","2025-10-18 오후 1:19:11"
"_deploy\cache\scripts\g5\monitor-health.ps1","1501","2025-10-18 오후 1:19:11"
"_deploy\cache\scripts\g5\monitor-logs.ps1","3237","2025-10-18 오후 1:19:11"
"_deploy\cache\scripts\g5\monitor-status.ps1","3615","2025-10-18 오후 1:19:11"
"_deploy\cache\scripts\g5\one-shot-setup.ps1","1475","2025-10-18 오후 1:19:11"
"_deploy\cache\scripts\g5\open-ps7-here.cmd","210","2025-10-18 오후 1:19:11"
"_deploy\cache\scripts\g5\ops-menu.ps1","2949","2025-10-18 오후 1:19:11"
"_deploy\cache\scripts\g5\ports-clean.ps1","613","2025-10-18 오후 1:19:12"
"_deploy\cache\scripts\g5\pr-automerge-watch.ps1","3716","2025-10-18 오후 1:19:11"
"_deploy\cache\scripts\g5\pr-badge-dedupe.ps1","942","2025-10-18 오후 1:19:11"
"_deploy\cache\scripts\g5\pr-rebase-onto-main.ps1","4134","2025-10-18 오후 1:19:11"
"_deploy\cache\scripts\g5\pr-rerun-checks-and-watch.ps1","2488","2025-10-18 오후 1:19:11"
"_deploy\cache\scripts\g5\protect-file.ps1","1364","2025-10-18 오후 1:19:11"
"_deploy\cache\scripts\g5\ps-header-enforcer.ps1","3136","2025-10-18 오후 1:19:11"
"_deploy\cache\scripts\g5\register-housekeeping-task.ps1","6923","2025-10-18 오후 1:19:11"
"_deploy\cache\scripts\g5\register-manifest.ps1","4612","2025-10-18 오후 1:19:11"
"_deploy\cache\scripts\g5\release-append-badge.ps1","2031","2025-10-18 오후 1:19:11"
"_deploy\cache\scripts\g5\release-next-patch.ps1","2771","2025-10-18 오후 1:19:11"
"_deploy\cache\scripts\g5\release-stabilize-with-watch.ps1","3426","2025-10-18 오후 1:19:11"
"_deploy\cache\scripts\g5\release-stabilize.ps1","5306","2025-10-18 오후 1:19:11"
"_deploy\cache\scripts\g5\release-train-with-watch.ps1","3088","2025-10-18 오후 1:19:11"
"_deploy\cache\scripts\g5\release-train.ps1","4064","2025-10-18 오후 1:19:11"
"_deploy\cache\scripts\g5\release-vpatch.ps1","5943","2025-10-18 오후 1:19:11"
"_deploy\cache\scripts\g5\release-vpatch.safe.ps1","3480","2025-10-18 오후 1:19:11"
"_deploy\cache\scripts\g5\rotate-apply-log.ps1","3524","2025-10-18 오후 1:19:11"
"_deploy\cache\scripts\g5\run-auto-patch-and-verify.ps1","4387","2025-10-18 오후 1:19:11"
"_deploy\cache\scripts\g5\run-github-monitor.ps1","770","2025-10-18 오후 1:19:11"
"_deploy\cache\scripts\g5\run-kobong-logger.ps1","459","2025-10-18 오후 1:19:11"
"_deploy\cache\scripts\g5\run-kobong-orchestrator.ps1","2036","2025-10-18 오후 1:19:11"
"_deploy\cache\scripts\g5\run-pr-complete.ps1","1178","2025-10-18 오후 1:19:11"
"_deploy\cache\scripts\g5\run-public-badge-sync.ps1","861","2025-10-18 오후 1:19:11"
"_deploy\cache\scripts\g5\run-static-web.ps1","4293","2025-10-18 오후 1:19:11"
"_deploy\cache\scripts\g5\run-step4-keep.ps1","1500","2025-10-18 오후 1:19:11"
"_deploy\cache\scripts\g5\run-watchdog.ps1","3248","2025-10-18 오후 1:19:11"
"_deploy\cache\scripts\g5\scheduler-tune.ps1","1425","2025-10-18 오후 1:19:11"
"_deploy\cache\scripts\g5\serve-public.ps1","4324","2025-10-18 오후 1:19:11"
"_deploy\cache\scripts\g5\setup-git-hooks.ps1","177","2025-10-18 오후 1:19:11"
"_deploy\cache\scripts\g5\shell-status.ps1","1554","2025-10-18 오후 1:19:11"
"_deploy\cache\scripts\g5\smoke-auto-release.ps1","2859","2025-10-18 오후 1:19:11"
"_deploy\cache\scripts\g5\status-setup.ps1","1126","2025-10-18 오후 1:19:11"
"_deploy\cache\scripts\g5\synthetic-pr-workload.ps1","8702","2025-10-18 오후 1:19:11"
"_deploy\cache\scripts\g5\unprotect-file.ps1","730","2025-10-18 오후 1:19:11"
"_deploy\cache\scripts\g5\verify-housekeeping.ps1","2025","2025-10-18 오후 1:19:11"
"_deploy\cache\scripts\g5\watch-badge-ready.ps1","3581","2025-10-18 오후 1:19:11"
"_deploy\cache\scripts\g5\watch-readme-badge.ps1","3663","2025-10-18 오후 1:19:11"
"_deploy\cache\scripts\lib\kobong-fileio.psm1","1892","2025-10-18 오후 1:19:11"
"_deploy\cache\sts_logo\sts_logo.png","1460874","2025-10-18 오후 1:19:11"
"_deploy\cache\tests\contract\_smoke.spec.ts","420","2025-10-18 오후 1:19:11"
"_deploy\cache\webui\package-lock.json","29150","2025-10-18 오후 1:19:11"
"_deploy\cache\webui\package.json","243","2025-10-18 오후 1:19:11"
"_deploy\cache\webui\vite.config.mjs","322","2025-10-18 오후 1:19:11"
"_deploy\cache\webui\public\__ping_dashboard__.txt","36","2025-10-18 오후 1:19:11"
"_deploy\cache\webui\public\brand.png","1460874","2025-10-18 오후 1:19:11"
"_deploy\cache\webui\public\brand.svg","303","2025-10-18 오후 1:19:11"
"_deploy\cache\webui\public\events","90","2025-10-18 오후 1:19:11"
"_deploy\cache\webui\public\github.html","5510","2025-10-19 오후 10:53:00"
"_deploy\cache\webui\public\index.html","3334","2025-10-19 오후 10:53:00"
"_deploy\cache\webui\public\metrics","52","2025-10-18 오후 1:19:11"
"_deploy\cache\webui\public\status.html","7245","2025-10-19 오후 10:53:00"
"_deploy\cache\webui\public\sts-kobong-GitHub-min.html","5404","2025-10-19 오후 10:53:00"
"_deploy\cache\webui\public\api\events","90","2025-10-18 오후 1:19:11"
"_deploy\cache\webui\public\api\metrics","52","2025-10-18 오후 1:19:11"
"_deploy\cache\webui\public\css\app.css","2838","2025-10-18 오후 1:19:11"
"_deploy\cache\webui\public\data\gh-monitor.json","932","2025-10-18 오후 1:19:11"
"_deploy\cache\webui\public\js\app.mjs","2122","2025-10-18 오후 1:19:11"
"_deploy\cache\webui\public\js\kb-theme.js","1963","2025-10-18 오후 1:19:11"
"_deploy\cache\webui\public\js\kb-topline.js","1797","2025-10-18 오후 1:19:11"
"_deploy\cache\webui\public\js\metrics.mjs","1634","2025-10-18 오후 1:19:11"
"_deploy\cache\webui\public\js\sse.mjs","644","2025-10-18 오후 1:19:11"
"_deploy\cache\webui\public\js\status.js","5230","2025-10-18 오후 1:19:11"
"_deploy\cache\webui\public\js\sts-gh-min.js","3449","2025-10-18 오후 1:19:11"
"_deploy\cache\webui\public\js\ui.mjs","860","2025-10-18 오후 1:19:11"
"_deploy\cache\webui\public\widgets\gh-pr-badge.html","2105","2025-10-18 오후 1:19:11"
"_deploy\cache\webui\public\widgets\gh-pr-mini.html","1580","2025-10-18 오후 1:19:11"
"_deploy\cache\webui\public\widgets\mini-dashboard.html","5301","2025-10-18 오후 1:19:11"
